1|1|1
1|1|13
1|1|16
1|1|30
1|1|48
1|1|60
1|1|85
1|1|100
1|1|130
1|1|256
1|1|268
1|1|270
1|1|280
1|1|282
1|1|325
1|1|368
1|1|379
1|1|386
1|1|417
1|1|434
1|2|3
1|2|14
1|2|17
1|2|28
1|2|31
1|2|50
1|2|61
1|2|86
1|2|101
1|2|131
1|2|257
1|2|271
1|2|283
1|2|312
1|2|345
1|2|369
1|2|389
1|2|408
1|2|412
1|2|422
1|3|4
1|3|19
1|3|32
1|3|46
1|3|52
1|3|65
1|3|84
1|3|87
1|3|102
1|3|133
1|3|258
1|3|274
1|3|284
1|3|347
1|3|362
1|3|372
1|3|394
1|3|425
1|3|431
1|3|437
1|4|5
1|4|22
1|4|35
1|4|53
1|4|58
1|4|59
1|4|67
1|4|88
1|4|103
1|4|134
1|4|197
1|4|262
1|4|275
1|4|285
1|4|290
1|4|349
1|4|373
1|4|378
1|4|396
1|4|428
1|5|7
1|5|24
1|5|36
1|5|47
1|5|54
1|5|68
1|5|83
1|5|89
1|5|105
1|5|136
1|5|263
1|5|269
1|5|276
1|5|282
1|5|289
1|5|351
1|5|374
1|5|397
1|5|409
1|5|429
1|6|8
1|6|25
1|6|38
1|6|55
1|6|70
1|6|91
1|6|98
1|6|99
1|6|112
1|6|186
1|6|264
1|6|277
1|6|281
1|6|290
1|6|356
1|6|369
1|6|375
1|6|398
1|6|430
1|6|436
1|7|9
1|7|26
1|7|39
1|7|56
1|7|71
1|7|92
1|7|113
1|7|126
1|7|127
1|7|188
1|7|265
1|7|278
1|7|291
1|7|324
1|7|325
1|7|347
1|7|359
1|7|376
1|7|407
1|7|431
1|8|12
1|8|27
1|8|29
1|8|45
1|8|57
1|8|80
1|8|97
1|8|117
1|8|193
1|8|194
1|8|266
1|8|279
1|8|298
1|8|361
1|8|364
1|8|377
1|8|389
1|8|408
1|8|417
1|8|434
2|1|1
2|1|21
2|1|41
2|1|61
2|1|81
2|1|101
2|1|123
2|1|143
2|1|146
2|1|176
2|1|256
2|1|276
2|1|296
2|1|316
2|1|336
2|1|356
2|1|376
2|1|396
2|1|416
2|1|436
2|2|2
2|2|22
2|2|42
2|2|62
2|2|82
2|2|102
2|2|124
2|2|144
2|2|148
2|2|177
2|2|257
2|2|277
2|2|297
2|2|317
2|2|337
2|2|357
2|2|377
2|2|397
2|2|417
2|2|437
2|3|3
2|3|23
2|3|43
2|3|63
2|3|83
2|3|103
2|3|125
2|3|145
2|3|149
2|3|178
2|3|258
2|3|278
2|3|298
2|3|318
2|3|338
2|3|358
2|3|378
2|3|398
2|3|418
2|3|438
2|4|4
2|4|20
2|4|24
2|4|44
2|4|64
2|4|84
2|4|104
2|4|126
2|4|150
2|4|179
2|4|259
2|4|279
2|4|299
2|4|319
2|4|339
2|4|359
2|4|379
2|4|399
2|4|419
2|4|439
2|5|5
2|5|25
2|5|40
2|5|45
2|5|65
2|5|85
2|5|105
2|5|127
2|5|151
2|5|180
2|5|260
2|5|280
2|5|300
2|5|320
2|5|340
2|5|360
2|5|380
2|5|400
2|5|420
2|5|440
2|6|6
2|6|26
2|6|46
2|6|60
2|6|66
2|6|86
2|6|106
2|6|128
2|6|153
2|6|181
2|6|261
2|6|281
2|6|301
2|6|321
2|6|341
2|6|361
2|6|381
2|6|401
2|6|421
2|6|441
2|7|7
2|7|27
2|7|47
2|7|67
2|7|80
2|7|87
2|7|107
2|7|129
2|7|154
2|7|182
2|7|262
2|7|282
2|7|302
2|7|322
2|7|342
2|7|362
2|7|382
2|7|402
2|7|422
2|7|442
2|8|8
2|8|28
2|8|48
2|8|68
2|8|88
2|8|108
2|8|130
2|8|155
2|8|169
2|8|183
2|8|263
2|8|283
2|8|303
2|8|323
2|8|343
2|8|363
2|8|383
2|8|403
2|8|423
2|8|443
2|9|9
2|9|29
2|9|49
2|9|69
2|9|89
2|9|109
2|9|131
2|9|156
2|9|170
2|9|184
2|9|264
2|9|284
2|9|304
2|9|324
2|9|344
2|9|364
2|9|384
2|9|404
2|9|424
2|9|444
2|10|10
2|10|30
2|10|50
2|10|70
2|10|90
2|10|110
2|10|132
2|10|157
2|10|171
2|10|185
2|10|265
2|10|285
2|10|305
2|10|325
2|10|345
2|10|365
2|10|385
2|10|405
2|10|425
2|10|445
2|11|11
2|11|31
2|11|51
2|11|71
2|11|91
2|11|111
2|11|133
2|11|158
2|11|172
2|11|186
2|11|266
2|11|286
2|11|306
2|11|326
2|11|346
2|11|366
2|11|386
2|11|406
2|11|426
2|11|446
2|12|12
2|12|32
2|12|52
2|12|72
2|12|92
2|12|112
2|12|134
2|12|159
2|12|173
2|12|187
2|12|267
2|12|287
2|12|307
2|12|327
2|12|347
2|12|367
2|12|387
2|12|407
2|12|427
2|12|447
2|13|13
2|13|33
2|13|53
2|13|73
2|13|93
2|13|113
2|13|135
2|13|160
2|13|174
2|13|188
2|13|268
2|13|288
2|13|308
2|13|328
2|13|348
2|13|368
2|13|388
2|13|408
2|13|428
2|13|448
2|14|14
2|14|34
2|14|54
2|14|74
2|14|94
2|14|114
2|14|136
2|14|161
2|14|175
2|14|189
2|14|269
2|14|289
2|14|309
2|14|329
2|14|349
2|14|369
2|14|389
2|14|409
2|14|429
2|14|449
2|15|15
2|15|35
2|15|55
2|15|75
2|15|95
2|15|115
2|15|137
2|15|162
2|15|190
2|15|197
2|15|270
2|15|290
2|15|310
2|15|330
2|15|350
2|15|370
2|15|390
2|15|410
2|15|430
2|15|450
2|16|16
2|16|36
2|16|56
2|16|76
2|16|96
2|16|116
2|16|138
2|16|163
2|16|191
2|16|196
2|16|271
2|16|291
2|16|311
2|16|331
2|16|351
2|16|356
2|16|371
2|16|391
2|16|411
2|16|431
2|17|17
2|17|37
2|17|57
2|17|77
2|17|97
2|17|117
2|17|139
2|17|164
2|17|192
2|17|198
2|17|272
2|17|292
2|17|312
2|17|332
2|17|352
2|17|372
2|17|376
2|17|392
2|17|412
2|17|432
2|18|18
2|18|38
2|18|58
2|18|78
2|18|98
2|18|118
2|18|140
2|18|165
2|18|193
2|18|199
2|18|273
2|18|293
2|18|313
2|18|333
2|18|353
2|18|373
2|18|393
2|18|396
2|18|413
2|18|433
2|19|19
2|19|39
2|19|59
2|19|79
2|19|99
2|19|121
2|19|141
2|19|167
2|19|194
2|19|200
2|19|274
2|19|294
2|19|314
2|19|334
2|19|354
2|19|374
2|19|394
2|19|414
2|19|416
2|19|434
2|20|20
2|20|40
2|20|60
2|20|80
2|20|100
2|20|122
2|20|142
2|20|168
2|20|173
2|20|195
2|20|275
2|20|295
2|20|315
2|20|335
2|20|355
2|20|375
2|20|395
2|20|415
2|20|435
2|20|436
3|1|1
3|1|15
3|1|29
3|1|43
3|1|57
3|1|71
3|1|85
3|1|99
3|1|113
3|1|127
3|1|141
3|1|185
3|1|199
3|1|213
3|1|227
3|1|241
3|1|255
3|1|269
3|1|283
3|1|297
3|1|311
3|1|325
3|1|339
3|1|353
3|1|367
3|1|381
3|1|395
3|1|409
3|1|423
3|1|437
3|2|2
3|2|16
3|2|30
3|2|44
3|2|58
3|2|72
3|2|86
3|2|100
3|2|114
3|2|128
3|2|142
3|2|186
3|2|200
3|2|214
3|2|228
3|2|242
3|2|256
3|2|270
3|2|284
3|2|298
3|2|312
3|2|326
3|2|340
3|2|354
3|2|368
3|2|382
3|2|396
3|2|410
3|2|424
3|2|438
3|3|3
3|3|17
3|3|31
3|3|45
3|3|59
3|3|73
3|3|87
3|3|101
3|3|115
3|3|129
3|3|143
3|3|187
3|3|201
3|3|215
3|3|229
3|3|243
3|3|257
3|3|271
3|3|285
3|3|299
3|3|313
3|3|327
3|3|341
3|3|355
3|3|369
3|3|383
3|3|397
3|3|411
3|3|425
3|3|439
3|4|4
3|4|18
3|4|32
3|4|46
3|4|60
3|4|74
3|4|88
3|4|102
3|4|116
3|4|130
3|4|144
3|4|188
3|4|202
3|4|216
3|4|230
3|4|244
3|4|258
3|4|272
3|4|286
3|4|300
3|4|314
3|4|328
3|4|342
3|4|356
3|4|370
3|4|384
3|4|398
3|4|412
3|4|426
3|4|440
3|5|5
3|5|19
3|5|33
3|5|47
3|5|61
3|5|75
3|5|89
3|5|103
3|5|117
3|5|131
3|5|145
3|5|189
3|5|203
3|5|217
3|5|231
3|5|245
3|5|259
3|5|273
3|5|287
3|5|301
3|5|315
3|5|329
3|5|343
3|5|357
3|5|371
3|5|385
3|5|399
3|5|413
3|5|427
3|5|441
3|6|6
3|6|20
3|6|34
3|6|48
3|6|62
3|6|76
3|6|90
3|6|104
3|6|118
3|6|132
3|6|176
3|6|190
3|6|204
3|6|218
3|6|232
3|6|246
3|6|260
3|6|274
3|6|288
3|6|302
3|6|316
3|6|330
3|6|344
3|6|358
3|6|372
3|6|386
3|6|400
3|6|414
3|6|428
3|6|442
3|7|7
3|7|21
3|7|35
3|7|49
3|7|63
3|7|77
3|7|91
3|7|105
3|7|119
3|7|133
3|7|177
3|7|191
3|7|205
3|7|219
3|7|233
3|7|247
3|7|261
3|7|275
3|7|289
3|7|303
3|7|317
3|7|331
3|7|345
3|7|359
3|7|373
3|7|387
3|7|401
3|7|415
3|7|429
3|7|443
3|8|8
3|8|22
3|8|36
3|8|50
3|8|64
3|8|78
3|8|92
3|8|106
3|8|120
3|8|134
3|8|178
3|8|192
3|8|206
3|8|220
3|8|234
3|8|248
3|8|262
3|8|276
3|8|290
3|8|304
3|8|318
3|8|332
3|8|346
3|8|360
3|8|374
3|8|388
3|8|402
3|8|416
3|8|430
3|8|444
3|9|9
3|9|23
3|9|37
3|9|51
3|9|65
3|9|79
3|9|93
3|9|107
3|9|121
3|9|135
3|9|179
3|9|193
3|9|207
3|9|221
3|9|235
3|9|249
3|9|263
3|9|277
3|9|291
3|9|305
3|9|319
3|9|333
3|9|347
3|9|361
3|9|375
3|9|389
3|9|403
3|9|417
3|9|431
3|9|445
3|10|10
3|10|24
3|10|38
3|10|52
3|10|66
3|10|80
3|10|94
3|10|108
3|10|122
3|10|136
3|10|180
3|10|194
3|10|208
3|10|222
3|10|236
3|10|250
3|10|264
3|10|278
3|10|292
3|10|306
3|10|320
3|10|334
3|10|348
3|10|362
3|10|376
3|10|390
3|10|404
3|10|418
3|10|432
3|10|446
3|11|11
3|11|25
3|11|39
3|11|53
3|11|67
3|11|81
3|11|95
3|11|109
3|11|123
3|11|137
3|11|181
3|11|195
3|11|209
3|11|223
3|11|237
3|11|251
3|11|265
3|11|279
3|11|293
3|11|307
3|11|321
3|11|335
3|11|349
3|11|363
3|11|377
3|11|391
3|11|405
3|11|419
3|11|433
3|11|447
3|12|12
3|12|26
3|12|40
3|12|54
3|12|68
3|12|82
3|12|96
3|12|110
3|12|124
3|12|138
3|12|182
3|12|196
3|12|210
3|12|224
3|12|238
3|12|252
3|12|266
3|12|280
3|12|294
3|12|308
3|12|322
3|12|336
3|12|350
3|12|364
3|12|378
3|12|392
3|12|406
3|12|420
3|12|434
3|12|448
3|13|13
3|13|27
3|13|41
3|13|55
3|13|69
3|13|83
3|13|97
3|13|111
3|13|125
3|13|139
3|13|183
3|13|197
3|13|211
3|13|225
3|13|239
3|13|253
3|13|267
3|13|281
3|13|295
3|13|309
3|13|323
3|13|337
3|13|351
3|13|365
3|13|379
3|13|393
3|13|407
3|13|421
3|13|435
3|13|449
3|14|14
3|14|28
3|14|42
3|14|56
3|14|70
3|14|84
3|14|98
3|14|112
3|14|126
3|14|140
3|14|184
3|14|198
3|14|212
3|14|226
3|14|240
3|14|254
3|14|268
3|14|282
3|14|296
3|14|310
3|14|324
3|14|338
3|14|352
3|14|366
3|14|380
3|14|394
3|14|408
3|14|422
3|14|436
3|14|450
4|1|1
4|1|16
4|1|31
4|1|46
4|1|61
4|1|76
4|1|91
4|1|106
4|1|121
4|1|136
4|1|151
4|1|166
4|1|181
4|1|196
4|1|211
4|1|226
4|1|241
4|1|256
4|1|271
4|1|286
4|1|301
4|1|316
4|1|331
4|1|346
4|1|361
4|1|376
4|1|391
4|1|406
4|1|421
4|1|436
4|2|2
4|2|17
4|2|32
4|2|47
4|2|62
4|2|77
4|2|92
4|2|107
4|2|122
4|2|137
4|2|152
4|2|167
4|2|182
4|2|197
4|2|212
4|2|227
4|2|242
4|2|257
4|2|272
4|2|287
4|2|302
4|2|317
4|2|332
4|2|347
4|2|362
4|2|377
4|2|392
4|2|407
4|2|422
4|2|437
4|3|3
4|3|18
4|3|33
4|3|48
4|3|63
4|3|78
4|3|93
4|3|108
4|3|123
4|3|138
4|3|153
4|3|168
4|3|183
4|3|198
4|3|213
4|3|228
4|3|243
4|3|258
4|3|273
4|3|288
4|3|303
4|3|318
4|3|333
4|3|348
4|3|363
4|3|378
4|3|393
4|3|408
4|3|423
4|3|438
4|4|4
4|4|19
4|4|34
4|4|49
4|4|64
4|4|79
4|4|94
4|4|109
4|4|124
4|4|139
4|4|154
4|4|169
4|4|184
4|4|199
4|4|214
4|4|229
4|4|244
4|4|259
4|4|274
4|4|289
4|4|304
4|4|319
4|4|334
4|4|349
4|4|364
4|4|379
4|4|394
4|4|409
4|4|424
4|4|439
4|5|5
4|5|20
4|5|35
4|5|50
4|5|65
4|5|80
4|5|95
4|5|110
4|5|125
4|5|140
4|5|155
4|5|170
4|5|185
4|5|200
4|5|215
4|5|230
4|5|245
4|5|260
4|5|275
4|5|290
4|5|305
4|5|320
4|5|335
4|5|350
4|5|365
4|5|380
4|5|395
4|5|410
4|5|425
4|5|440
4|6|6
4|6|21
4|6|36
4|6|51
4|6|66
4|6|81
4|6|96
4|6|111
4|6|126
4|6|141
4|6|156
4|6|171
4|6|186
4|6|201
4|6|216
4|6|231
4|6|246
4|6|261
4|6|276
4|6|291
4|6|306
4|6|321
4|6|336
4|6|351
4|6|366
4|6|381
4|6|396
4|6|411
4|6|426
4|6|441
4|7|7
4|7|22
4|7|37
4|7|52
4|7|67
4|7|82
4|7|97
4|7|112
4|7|127
4|7|142
4|7|157
4|7|172
4|7|187
4|7|202
4|7|217
4|7|232
4|7|247
4|7|262
4|7|277
4|7|292
4|7|307
4|7|322
4|7|337
4|7|352
4|7|367
4|7|382
4|7|397
4|7|412
4|7|427
4|7|442
4|8|8
4|8|23
4|8|38
4|8|53
4|8|68
4|8|83
4|8|98
4|8|113
4|8|128
4|8|143
4|8|158
4|8|173
4|8|188
4|8|203
4|8|218
4|8|233
4|8|248
4|8|263
4|8|278
4|8|293
4|8|308
4|8|323
4|8|338
4|8|353
4|8|368
4|8|383
4|8|398
4|8|413
4|8|428
4|8|443
4|9|9
4|9|24
4|9|39
4|9|54
4|9|69
4|9|84
4|9|99
4|9|114
4|9|129
4|9|144
4|9|159
4|9|174
4|9|189
4|9|204
4|9|219
4|9|234
4|9|249
4|9|264
4|9|279
4|9|294
4|9|309
4|9|324
4|9|339
4|9|354
4|9|369
4|9|384
4|9|399
4|9|414
4|9|429
4|9|444
4|10|10
4|10|25
4|10|40
4|10|55
4|10|70
4|10|85
4|10|100
4|10|115
4|10|130
4|10|145
4|10|160
4|10|175
4|10|190
4|10|205
4|10|220
4|10|235
4|10|250
4|10|265
4|10|280
4|10|295
4|10|310
4|10|325
4|10|340
4|10|355
4|10|370
4|10|385
4|10|400
4|10|415
4|10|430
4|10|445
4|11|11
4|11|26
4|11|41
4|11|56
4|11|71
4|11|86
4|11|101
4|11|116
4|11|131
4|11|146
4|11|161
4|11|176
4|11|191
4|11|206
4|11|221
4|11|236
4|11|251
4|11|266
4|11|281
4|11|296
4|11|311
4|11|326
4|11|341
4|11|356
4|11|371
4|11|386
4|11|401
4|11|416
4|11|431
4|11|446
4|12|12
4|12|27
4|12|42
4|12|57
4|12|72
4|12|87
4|12|102
4|12|117
4|12|132
4|12|147
4|12|162
4|12|177
4|12|192
4|12|207
4|12|222
4|12|237
4|12|252
4|12|267
4|12|282
4|12|297
4|12|312
4|12|327
4|12|342
4|12|357
4|12|372
4|12|387
4|12|402
4|12|417
4|12|432
4|12|447
4|13|13
4|13|28
4|13|43
4|13|58
4|13|73
4|13|88
4|13|103
4|13|118
4|13|133
4|13|148
4|13|163
4|13|178
4|13|193
4|13|208
4|13|223
4|13|238
4|13|253
4|13|268
4|13|283
4|13|298
4|13|313
4|13|328
4|13|343
4|13|358
4|13|373
4|13|388
4|13|403
4|13|418
4|13|433
4|13|448
4|14|14
4|14|29
4|14|44
4|14|59
4|14|74
4|14|89
4|14|104
4|14|119
4|14|134
4|14|149
4|14|164
4|14|179
4|14|194
4|14|209
4|14|224
4|14|239
4|14|254
4|14|269
4|14|284
4|14|299
4|14|314
4|14|329
4|14|344
4|14|359
4|14|374
4|14|389
4|14|404
4|14|419
4|14|434
4|14|449
4|15|15
4|15|30
4|15|45
4|15|60
4|15|75
4|15|90
4|15|105
4|15|120
4|15|135
4|15|150
4|15|165
4|15|180
4|15|195
4|15|210
4|15|225
4|15|240
4|15|255
4|15|270
4|15|285
4|15|300
4|15|315
4|15|330
4|15|345
4|15|360
4|15|375
4|15|390
4|15|405
4|15|420
4|15|435
4|15|450
5|1|1
5|1|20
5|1|39
5|1|58
5|1|77
5|1|96
5|1|115
5|1|134
5|1|176
5|1|195
5|1|256
5|1|275
5|1|294
5|1|313
5|1|332
5|1|356
5|1|375
5|1|394
5|1|413
5|1|432
5|2|2
5|2|21
5|2|40
5|2|59
5|2|78
5|2|97
5|2|116
5|2|135
5|2|177
5|2|196
5|2|257
5|2|276
5|2|295
5|2|314
5|2|333
5|2|357
5|2|376
5|2|395
5|2|414
5|2|433
5|3|3
5|3|22
5|3|41
5|3|60
5|3|79
5|3|98
5|3|117
5|3|136
5|3|178
5|3|197
5|3|258
5|3|277
5|3|296
5|3|315
5|3|334
5|3|358
5|3|377
5|3|396
5|3|415
5|3|434
5|4|4
5|4|23
5|4|42
5|4|61
5|4|80
5|4|99
5|4|118
5|4|137
5|4|179
5|4|198
5|4|259
5|4|278
5|4|297
5|4|316
5|4|335
5|4|359
5|4|378
5|4|397
5|4|416
5|4|435
5|5|5
5|5|24
5|5|43
5|5|62
5|5|81
5|5|100
5|5|119
5|5|138
5|5|180
5|5|199
5|5|260
5|5|279
5|5|298
5|5|317
5|5|336
5|5|360
5|5|379
5|5|398
5|5|417
5|5|436
5|6|6
5|6|25
5|6|44
5|6|63
5|6|82
5|6|101
5|6|120
5|6|139
5|6|181
5|6|200
5|6|261
5|6|280
5|6|299
5|6|318
5|6|337
5|6|361
5|6|380
5|6|399
5|6|418
5|6|437
5|7|7
5|7|26
5|7|45
5|7|64
5|7|83
5|7|102
5|7|121
5|7|140
5|7|182
5|7|1
5|7|262
5|7|281
5|7|300
5|7|319
5|7|338
5|7|362
5|7|381
5|7|400
5|7|419
5|7|438
5|8|8
5|8|27
5|8|46
5|8|65
5|8|84
5|8|103
5|8|122
5|8|141
5|8|183
5|8|2
5|8|263
5|8|282
5|8|301
5|8|320
5|8|339
5|8|363
5|8|382
5|8|401
5|8|420
5|8|439
5|9|9
5|9|28
5|9|47
5|9|66
5|9|85
5|9|104
5|9|123
5|9|142
5|9|184
5|9|3
5|9|264
5|9|283
5|9|302
5|9|321
5|9|340
5|9|364
5|9|383
5|9|402
5|9|421
5|9|440
5|10|10
5|10|29
5|10|48
5|10|67
5|10|86
5|10|105
5|10|124
5|10|143
5|10|185
5|10|4
5|10|265
5|10|284
5|10|303
5|10|322
5|10|341
5|10|365
5|10|384
5|10|403
5|10|422
5|10|441
5|11|11
5|11|30
5|11|49
5|11|68
5|11|87
5|11|106
5|11|125
5|11|144
5|11|186
5|11|5
5|11|266
5|11|285
5|11|304
5|11|323
5|11|342
5|11|366
5|11|385
5|11|404
5|11|423
5|11|442
5|12|12
5|12|31
5|12|50
5|12|69
5|12|88
5|12|107
5|12|126
5|12|145
5|12|187
5|12|6
5|12|267
5|12|286
5|12|305
5|12|324
5|12|343
5|12|367
5|12|386
5|12|405
5|12|424
5|12|443
5|13|13
5|13|32
5|13|51
5|13|70
5|13|89
5|13|108
5|13|127
5|13|9
5|13|188
5|13|7
5|13|268
5|13|287
5|13|306
5|13|325
5|13|344
5|13|368
5|13|387
5|13|406
5|13|425
5|13|444
5|14|14
5|14|33
5|14|52
5|14|71
5|14|90
5|14|109
5|14|128
5|14|10
5|14|189
5|14|8
5|14|269
5|14|288
5|14|307
5|14|326
5|14|345
5|14|369
5|14|388
5|14|407
5|14|426
5|14|445
5|15|15
5|15|34
5|15|53
5|15|72
5|15|91
5|15|110
5|15|129
5|15|11
5|15|190
5|15|351
5|15|270
5|15|289
5|15|308
5|15|327
5|15|346
5|15|370
5|15|389
5|15|408
5|15|427
5|15|446
5|16|16
5|16|35
5|16|54
5|16|73
5|16|92
5|16|111
5|16|130
5|16|12
5|16|191
5|16|352
5|16|271
5|16|290
5|16|309
5|16|328
5|16|347
5|16|371
5|16|390
5|16|409
5|16|428
5|16|447
5|17|17
5|17|36
5|17|55
5|17|74
5|17|93
5|17|112
5|17|131
5|17|13
5|17|192
5|17|353
5|17|272
5|17|291
5|17|310
5|17|329
5|17|348
5|17|372
5|17|391
5|17|410
5|17|429
5|17|448
5|18|18
5|18|37
5|18|56
5|18|75
5|18|94
5|18|113
5|18|132
5|18|14
5|18|193
5|18|354
5|18|273
5|18|292
5|18|311
5|18|330
5|18|349
5|18|373
5|18|392
5|18|411
5|18|430
5|18|449
5|19|19
5|19|38
5|19|57
5|19|76
5|19|95
5|19|114
5|19|133
5|19|15
5|19|194
5|19|355
5|19|274
5|19|293
5|19|312
5|19|331
5|19|350
5|19|374
5|19|393
5|19|412
5|19|431
5|19|450